<component name="ProjectRunConfigurationManager">
  <configuration default="false" name="Run QuestHelper" type="Application" factoryName="Application">
    <option name="ALTERNATIVE_JRE_PATH" value="BUNDLED" />
    <option name="ALTERNATIVE_JRE_PATH_ENABLED" value="true" />
    <option name="MAIN_CLASS_NAME" value="com.questhelper.QuestHelperPluginTest" />
    <module name="quest-helper.test" />
    <option name="PROGRAM_PARAMETERS" value="--debug --developer-mode" />
    <option name="VM_PARAMETERS" value="-ea" />
    <method v="2">
      <option name="Make" enabled="true" />
    </method>
  </configuration>
</component>